READDI ID,Compound Name from Primary Screen (384),TimTech ID,Reorder 96-well Position,TT 384 Custom LDV Position,Brutto Formula,IUPAC NAME,SMILES,Primary SARS2  FRET Screen (10uM) Avg % of DMSO,Reorder SARS2 FRET Screen (10uM) Ave % of DMSO,Reorder SARS2 IC50 Curve FRET (10uM) Avg % of DMSO,Estimated IC50 (From 4 Point Curve),SARS2 NSP Complex FRET (10 uM) Average %,NSP15 FRET (10uM) Average % DMSO,SARS1 FRET (10uM) Average % DMSO,OC43 FRET (10uM) Average % DMSO,MERS FRET (10uM) Average % DMSO,229E FRET (10uM) Average % DMSO,MHV FRET (10uM) Average % DMSO,A549 CTG Toxicity (20uM) % DMSO,A549 CTG Toxicity Repeat (10uM) % DMSO,SARS-CoV-2 A549 (10uM) Low MOI %Virus,SARS-CoV-2 A549 (10uM) Low MOI %Cells,OC43 A549 (10uM) Low MOI %Virus,OC43 A549 (10uM) Low MOI %Cells,OC43 A549 (25 uM) Low MOI %Virus,OC43 A549 (25 uM) LOW MOI %Cells,OC43 A549 (10uM) High MOI %Virus,OC43 A549 (10uM) High MOI %Cells
RA-0020552-01,141-G08,ST095282,P3-B10,I14,C14H12F3NO,"(4,5-dimethyl-2-(trifluoromethyl)-1H-pyrrol-3-yl)(phenyl)methanone",O=C(c1c(C)c([nH]c1C(F)(F)F)C)c1ccccc1,6.4,6.1,6.5,0.6506,4.6,63.9,6.7,13.3,26.6,,9.9,93.4,96.8,68.1,94.7,,,,,,
RA-0020553-01,141-H16,ST095644,P3-B11,I16,C17H19ClN2O4,"5-acetyl-N-(4-chloro-2,5-dimethoxyphenyl)-2,4-dimethyl-1H-pyrrole-3-carboxamide",COc1cc(Cl)c(cc1NC(=O)c1c(C)[nH]c(c1C)C(=O)C)OC,6.4,6.1,6.3,0.3542,4.7,35.7,6.2,12.7,25.9,,7.9,98.6,93.8,140.2,98.6,,,,,,
RA-0020555-01,141-M06,ST095272,P3-B9,I12,C12H17NO,"2,3,6,6-tetramethyl-1,5,6,7-tetrahydro-4H-indol-4-one",O=C1CC(C)(C)Cc2c1c(C)c([nH]2)C,6.3,6.2,6.1,0.7421,4.7,81.2,14.5,14,27.1,,10.9,101.7,99.7,111.3,103.5,,,,,,
RA-0020081-01,59-O09,ST015820,P1-A2,A3,C18H11BrN4O,"3-(5-bromopyridin-2-yl)-2-(pyridin-3-yl)-3,4-dihydroquinazolin-4-one",BrC1=CN=C(N2C(C3=CN=CC=C3)=NC4=CC=CC=C4C2=O)C=C1,5.6,8.9,6.7,1.588,4.9,50.1,4.2,11.2,32.4,4.2,6.4,76,107.3,77.4,71.5,82.6,71.9,72,122.9,93.6,100.4
RA-0020082-01,85-G19,ST053962,P1-A1,A1,C16H15NO4S,"2-[(2E)-3-(furan-2-yl)prop-2-enamido]-4,5,6,7-tetrahydro-1-benzothiophene-3-carboxylic acid",OC(C1=C(SC2=C1CCCC2)NC(C=CC3=CC=CO3)=O)=O,5.3,9,5.8,1.725,5.7,63,4.5,11.9,31,4.2,7.8,72.9,67.7,38.9,66.6,69.4,47,52.2,101.2,85.1,72.6
RA-0020083-01,145-N15,ST097490,P2-D4,G8,C11H13NO2,"2-acetyl-3-methyl-4,5,6,7-tetrahydro-1H-indol-4-one
",CC(=O)C1=C(C)C2=C(CCCC2=O)[NH]1,56,9.3,5.8,0.6935,5,49.9,4.5,11.9,34.3,4.7,7,107.6,93,135.8,115.9,104,112.6,100.4,146.9,144,131.5
RA-0020084-01,159-P9,ST095455,P2-C4,E8,C16H18N2O2,"5-acetyl-2,4-dimethyl-N-(4-methylphenyl)-1H-pyrrole-3-carboxamide",CC(=O)C1=C(C)C(=C(C)[NH]1)C(=O)NC2=CC=C(C)C=C2,6.1,9.3,6.1,0.1531,5.1,32.5,4.5,11,34.3,4.4,6,99.6,94.9,117.9,110.5,91.4,101.5,105,136.8,101.6,93
RA-0020556-01,152-N13,ST101866,P3-C2,I18,C15H10O7,"5,7-dihydroxy-2-(3,4,5-trihydroxyphenyl)-4H-chromen-4-one",Oc1cc(O)c2c(c1)oc(cc2=O)c1cc(O)c(c(c1)O)O,37.4,9.4,10.5,1.435,36.4,31.4,11.4,17.6,24.3,,6.4,97.8,96.5,124.9,98.4,,,,,,
RA-0020085-01,118-C21,ST012959,P1-A7,A13,C24H25ClN4O3,"4-{[4-(dimethylamino)phenyl][(E)-[(2-hydroxy-5-nitrophenyl)methylidene]amino]methylidene}-N,N-dimethylcyclohexa-2,5-dien-1-iminium chloride",C/[N+](C)=C1C=C/C(C=C\1)=C(/N=C/C2=CC([N+]([O-])=O)=CC=C2O)C3=CC=C(C=C3)N(C)C,7.4,9.5,7.8,2.334,49.2,82.9,15,55.8,33.5,10.8,13.4,73.8,97.1,75.2,105.7,95.3,117.4,110.4,139.5,113,130.4
RA-0020086-01,141-J15,ST095456,P2-C5,E10,C15H15NO2,"1-(4-benzoyl-3,5-dimethyl-1H-pyrrol-2-yl)ethan-1-one
",CC(=O)C1=C(C)C(=C(C)[NH]1)C(=O)C2=CC=CC=C2,6.5,9.5,6,0.5973,5.7,61.3,4.7,12.6,35.1,4.9,7.8,94,85.4,113.3,116.9,97.2,137.8,122.6,147.5,124.9,95.2
RA-0020087-01,141-D16,ST095642,P2-C6,E12,C17H20N2O2,"5-acetyl-N-(2,4-dimethylphenyl)-2,4-dimethyl-1H-pyrrole-3-carboxamide
",CC(=O)C1=C(C)C(=C(C)[NH]1)C(=O)NC2=CC=C(C)C=C2C,6.3,9.7,6.8,1.855,9.9,80.2,11,44,35.8,10.2,13.4,97.4,102.3,134.6,111.6,104,141,147.4,145.3,114,95.7
RA-0020088-01,159-D11,ST095645,P2-C7,E14,C16H20N2O,"N-(2,4-dimethylphenyl)-2,4,5-trimethyl-1H-pyrrole-3-carboxamide
",CC1=CC=C(NC(=O)C2=C(C)[NH]C(=C2C)C)C(=C1)C,5.9,10.3,6.3,0.6546,5.6,54.7,5,11.8,35.4,4.6,7.3,91.3,90.5,96.1,110.1,105.8,136.4,182.1,161.8,115.3,89.8
RA-0020089-01,53-D08,ST005540,P1-C10,E19,C7H7ClO2S,methyl 5-(chloromethyl)thiophene-2-carboxylate,COC(C(S1)=CC=C1CCl)=O,38.5,10.8,7.3,Undefined,48.8,87.4,35.4,69.1,36.5,25.1,22.5,81.8,117.2,117.3,130.5,88.9,150,117.9,136.1,101.5,126.7
RA-0020216-01,155-C20,ST103661,P2-D6,G12,C15H14Cl3NO3S,"4-methyl-N-[(1Z)-3,5,6-trichloro-2,5-dimethyl-4-oxocyclohex-2-en-1-ylidene]benzene-1-sulfonamide",CC1=CC=C(C=C1)[S](=O)(=O)N=C2C(Cl)C(C)(Cl)C(=O)C(=C2C)Cl,6.3,11.5,15.4,4.73,20.1,5.8,20.5,15.1,36,5.4,9.2,99.8,95.3,40.6,113.9,69.7,107.9,75.6,118.4,87.1,100.3
RA-0020090-01,59-M05,ST015625,P1-A4,A7,C20H15N3O,"3-(4-methylphenyl)-2-(pyridin-3-yl)-3,4-dihydroquinazolin-4-one",CC1=CC=C(N2C(C3=CN=CC=C3)=NC4=CC=CC=C4C2=O)C=C1,5.9,11.8,19.3,2.148,72.2,92.7,65.1,85.4,36.8,52.6,32.5,78.7,116.4,108.9,129,85.1,101.4,90.1,142.1,116,131.9
RA-0020091-01,87-K16,ST057196,P1-B10,C19,C14H22OS,"2,6-di-tert-butyl-4-sulfanylphenol",CC(C)(C(C=C(C=C1C(C)(C)C)S)=C1O)C,22.3,12.1,17.7,2.233,70.7,91.4,74.1,77.7,36.5,46.7,38.3,71.8,113,104.8,115.3,66.6,114.4,108.1,127.4,110,138.2
RA-0020092-01,14-D9,ST078179,P1-B9,C17,C11H11NO3,3-(1-oxoisoindolin-2-yl)propanoic acid,OC(CCN1CC2=CC=CC=C2C1=O)=O,21.8,16.3,30.9,2.158,75.2,91.8,80.2,72.2,38.8,62.6,55,72.8,96.5,94.1,134.5,72.9,122.7,111.4,145,107.9,129.7
RA-0020093-01,37-E19,ST50593644,P2-E4,I8,C12H15N5O2S,"3-methyl-1-[7-(morpholin-4-yl)-2,1,3-benzoxadiazol-4-yl]thiourea",CNC(=S)NC1=CC=C(N2CCOCC2)C3=NON=C13,66,16.8,17.2,Undefined,56.7,21.9,19.1,17.7,34.3,5.2,20,106.4,95.1,98.8,111.2,69.2,109.6,99.5,133.3,86.1,82.1
RA-0020094-01,3-K17,ST025604,P1-H10,O19,C10H3Cl4NO2,"1-(2,3-dichlorophenyl)-3,4-dichloroazoline-2,5-dione",O=C(N1C2=CC=CC(Cl)=C2Cl)C(Cl)=C(C1=O)Cl,61.5,19.2,28.8,Undefined,60.6,80.5,35.1,25.4,35.2,7.2,30.1,95,104.1,155.1,104,82.2,104.6,138.8,130.7,102.7,111.1
RA-0020095-01,107-I22,ST044643,P1-B3,C5,C18H16N6O6S,"butyl 3,5-dinitro-4-[(1-phenyl-1H-1,2,3,4-tetrazol-5-yl)sulfanyl]benzoate",CCCCOC(C1=CC([N+]([O-])=O)=C(C([N+]([O-])=O)=C1)SC2=NN=NN2C3=CC=CC=C3)=O,13,20.5,27.3,7.224,65.9,72.1,53,68.4,37.5,22.3,54.7,70.9,111,88.8,132.2,92.8,125.3,99.1,142.2,119.6,127.9
RA-0020096-01,141-A8,ST095279,P2-C3,E6,C14H15NO,"3-benzoyl-2,4,5-trimethyl-1H-pyrrole
",CC1=C(C)C(=C(C)[NH]1)C(=O)C2=CC=CC=C2,12.5,20.5,31.3,10.47,66.3,85.2,68.9,91,36.5,61.4,53.1,100.1,88.5,129.8,120.7,102.3,119.7,86.6,123.7,119.5,84.5
RA-0020097-01,89-L10,ST059619,P1-G12,M23,C15H10O6,"2-(3,4-dihydroxyphenyl)-3,6-dihydroxy-4H-chromen-4-one",OC1=CC2=C(OC(C3=CC(O)=C(O)C=C3)=C(C2=O)O)C=C1,58.6,22,25.2,Undefined,68.7,93.5,40.2,40.8,36.3,71.5,12.3,85.1,83.9,89.6,93.2,35.2,68.1,57.6,75.1,68.3,65.6
RA-0020098-01,48-A21,ST078868,P1-C2,E3,C12H6N2O2,"5,6-dihydro-1,10-phenanthroline-5,6-dione",O=C1C(C2=CC=CN=C2C3=C1C=CC=N3)=O,26.9,22.5,27.5,9.709,55.4,15.6,33.9,28.3,37.1,5.4,41.3,34.6,67,1.9,48.8,8.7,35.2,8.4,10.3,19.3,49
RA-0020099-01,130-L9,S480037,P1-B6,C11,C18H11NO3,"

2-(3-hydroxyquinolin-2-yl)-2,3-dihydro-1H-indene-1,3-dione
",OC1=CC2=CC=CC=C2N=C1C3C(C4=CC=CC=C4C3=O)=O,16.6,23.2,60.8,Undefined,88.6,88.3,72.5,60.2,36.6,47.2,5.5,81.1,113.5,82.8,133.3,89.5,112.8,117,146.2,123.6,139.6
RA-0020100-01,15-P14,ST080684,P1-D11,G21,C27H34N2O4S,"4-{[4-diethylamino)phenyl](phenyl)methylidene}-N,N-diethylcyclohexa-2,5-dien-1-iminium ",CC/[N+](CC)=C1C=C/C(C=C\1)=C(C2=CC=CC=C2)\C3=CC=C(C=C3)N(CC)CC,46.2,23.5,23,3.9,64.4,90.1,47.1,52.4,38.1,19,37.1,6.1,13.7,2.2,9.4,75,3.3,33.1,0.2,4.7,6.5
RA-0020101-01,87-O4,ST056985,P1-C4,E7,C23H14N4O3S3,"4-{5-[(1Z)-2-(1,3-benzothiazol-2-yl)-2-cyanoeth-1-en-1-yl]furan-2-yl}-N-(1,3-thiazol-2-yl)benzene-1-sulfonamide",O=S(C1=CC=C(C=C1)C(O2)=CC=C2/C=C(C#N)\C3=NC4=CC=CC=C4S3)(NC5=NC=CS5)=O,30.8,24,57.2,Undefined,84.2,92.9,76.2,46.2,47.1,87.7,33.2,94.9,109.6,120.9,137,100.4,140.1,397.5,128.3,128.2,138.1
RA-0020102-01,144-K5,ST096802,P2-C10,E20,C17H13Cl2N3O,"1-(3,4-dichlorophenyl)-3-(2-methylquinolin-4-yl)urea
",CC1=NC2=CC=CC=C2C(=C1)NC(=O)NC3=CC(=C(Cl)C=C3)Cl,24.2,26.6,37.5,2.366,49.2,90,31.6,51.1,69.1,39.6,35.5,71.2,78.8,130,113.3,59,72,12.3,75.4,108.6,80.5
RA-0020103-01,144-M7,ST096813,P2-C11,E22,C12H8Cl3N3O,"3-(2-chloropyridin-4-yl)-1-(3,4-dichlorophenyl)urea
",ClC1=CC(=CC=N1)NC(=O)NC2=CC(=C(Cl)C=C2)Cl,30.2,27.7,43.1,2.227,38.1,91.7,32.8,43.4,65.9,31.8,42.6,69.3,76.9,2.6,75.8,37.5,90.2,87.8,33,26.5,68.7
RA-0020104-01,106-O19,ST039458,P1-A10,A19,C14H12F6N2OS,"N-(3-cyano-6-methyl-4,5,6,7-tetrahydro-1-benzothiophen-2-yl)-3,3,3-trifluoro-2-(trifluoromethyl)propanamide",CC1CCC2=C(SC(NC(C(C(F)(F)F)C(F)(F)F)=O)=C2C#N)C1,8.9,30.9,44.3,2.412,66.8,99.7,46.6,32.5,36.7,15.6,67.4,81.1,108.1,101.4,119.3,79.5,117.2,97.6,117.7,92.3,120.5
RA-0020105-01,16-M9,ST081120,P1-F1,K1,C19H19ClO6,"diethyl 2-(3-chloro-1,4-dioxo(2-naphthyl))-2-ethylpropane-1,3-dioate",O=C(C(C(C1=O)=C(C(C2=C1C=CC=C2)=O)Cl)(C(OCC)=O)CC)OCC,53.6,31.3,44.5,Undefined,66.2,76,60.7,46.5,34.2,13.7,58,97.1,93.6,69.4,73.3,55.1,54.1,62,99.7,81.1,69.8
RA-0020106-01,37-I17,ST50598522,P1-E9,I17,C19H16BrN7OS,"N-(3-bromophenyl)-2-({5-[(2E)-2-[(1H-indol-3-yl)methylidene]hydrazin-1-yl]-4H-1,2,4-triazol-3-yl}sulfanyl)acetamide",O=C(CSC(N1)=NN=C1N/N=C/C2=CNC3=C2C=CC=C3)NC4=CC=CC(Br)=C4,50.6,33,57,Undefined,63.9,93.1,44.5,46.2,50.4,59.7,46.3,89.9,115.6,11.7,101.5,86.8,117,33.8,57.3,52.6,73.5
RA-0020107-01,100-C16,ST075164,P1-B11,C21,C23H23IN2S2,"3-ethyl-2-[(1E,3E)-5-[(2E)-3-ethyl-2,3-dihydro-1,3-benzothiazol-2-ylidene]penta-1,3-dien-1-yl]-1,3-benzothiazol-3-ium iodide",CCN1C(SC2=CC=CC(I)=C12)/C=C/C=C/C=C3SC4=CC=CC=C4N3CC,22.8,33.3,39.2,2.723,58.5,120.7,62.7,18.9,49.4,81.3,25.9,47.1,65.7,32.6,15.4,1270.1,79.1,935.3,39.6,818.4,86.7
RA-0020108-01,136-M20,ST085716,P1-G2,M3,C22H15N3O2,"(2Z)-3-[5-(4-acetylphenyl)furan-2-yl]-2-(1H-1,3-benzodiazol-2-yl)prop-2-enenitrile",CC(C1=CC=C(C(O2)=CC=C2C=C(C(N3)=NC4=C3C=CC=C4)C#N)C=C1)=O,56.7,33.9,64.5,Undefined,79.7,86.4,68.4,25.6,39.5,89.7,45,81.2,114.4,178.2,37.3,63.6,66.7,126.5,37.6,72.4,59.6
RA-0020109-01,49-F21,ST080856,P1-H9,O17,C13H6ClF2N3,"13-chloro-4,5-difluoro-11-methyl-1,8-diazatricyclo[7.4.0.0²,⁷]trideca-2,4,6,8,10,12-hexaene-10-carbonitrile",CC1=C(C#N)C2=NC(C=C(C(F)=C3)F)=C3N2C(Cl)=C1,61.5,35.4,48,2.68,66.4,88.4,66,54.1,34.7,29.9,73.9,65.8,76.9,76,51.5,77.9,41.1,79.3,9.4,143.9,35.6
RA-0020110-01,122-C11,R162809,P1-C3,E5,C10H8Cl2N2O2,"2,5-diaziridinyl-3,6-dichlorocyclohexa-2,5-diene-1,4-dione",O=C1C(N2CC2)=C(C(C(N3CC3)=C1Cl)=O)Cl,30.3,35.6,27.1,Undefined,78.7,18.8,39.8,15,34.5,5.5,18.1,86.1,108.7,37,55.3,62.7,72.6,44.2,20.9,98.1,85.6
RA-0020111-01,130-J6,S511129,P1-E10,I19,C6H6N4O2,"3-amino-1H-pyrazolo[4,3-c]pyridine-4,6-diol",NC1=NNC2=C1C(O)=NC(O)=C2,50.8,35.6,48,2.995,76.7,42,76.1,55.5,41.8,38.6,75.9,84.2,111.2,94,121.4,73.3,123.4,110.2,136.4,86.3,112.2
RA-0020112-01,64-G05,ST025603,P1-E6,I11,C12H9Cl2NO2,"3,4-dichloro-1-(2,3-dimethylphenyl)-2,5-dihydro-1H-pyrrole-2,5-dione",O=C(N1C2=CC=CC(C)=C2C)C(Cl)=C(C1=O)Cl,49.5,37.3,31.2,10.57,64.9,76,42.1,41.8,36.1,7.9,52.4,90.9,122.1,94.7,138.5,80.5,106.5,93.1,131.7,95.1,110.7
RA-0020113-01,160-A7,ST105528,P2-D11,G22,C13H14O3,"4-hydroxy-5-methyl-8-(propan-2-yl)-2H-chromen-2-one
",CC(C)C1=C2OC(=O)C=C(O)C2=C(C)C=C1,41.1,38.9,20.6,Undefined,82.6,94.7,90.2,86.1,43.2,82.1,73.5,81.9,102.7,115.5,109.6,92.4,103.9,176.3,171.9,95.1,92.3
RA-0020114-01,35-L13,ST50652791,P1-G10,M19,C17H13Cl2N5OS2,2-[(3-chlorophenyl)carbamothioyl]-2-{[(3-chlorophenyl)carbamothioyl]amino}-2-cyanoacetamide,O=C(C(C(NC1=CC=CC(Cl)=C1)=S)(C#N)NC(NC2=CC=CC(Cl)=C2)=S)N,58.4,39.9,62.3,Undefined,70.3,94.4,54.1,66.9,71.3,74,55.8,90.6,88.4,26.4,88.4,67.4,85.6,44.3,74.1,69.9,83.7
RA-0020115-01,106-F16,ST042187,P1-B1,C1,C13H13NO3,"4-(2,5-dimethyl-1H-pyrrol-1-yl)-2-hydroxybenzoic acid",CC(N1C2=CC(O)=C(C(O)=O)C=C2)=CC=C1C,12,40,61.3,Undefined,76.7,85.2,55.4,47.4,36.4,40.4,39.7,72.4,97.4,43,69.7,62.5,60.2,81.1,85.8,97.7,104.1
RA-0020116-01,137-B19,ST088423,P2-B10,C20,C19H16ClNO5,"2-chloro-3-[(3,4,5-trimethoxyphenyl)amino]-1,4-dihydronaphthalene-1,4-dione",COC1=C(OC)C(=CC(=C1)NC2=C(Cl)C(=O)C3=CC=CC=C3C2=O)OC,65.7,40.1,51.7,Undefined,64.9,87.9,73.9,33.1,37.2,8.3,51.8,57.4,79.9,95.5,98.5,57.2,62.3,244.4,0.5,78.7,87.5
RA-0020117-01,67-L20,ST030726,P1-E11,I21,C17H19ClN2O,{[4-(tert-butyl)phenyl]amino}-N-(3-chlorophenyl)carboxamide,CC(C1=CC=C(C=C1)NC(NC2=CC(Cl)=CC=C2)=O)(C)C,50.8,40.7,55.2,Undefined,52.5,89.5,45.1,57.9,77.9,52.7,52.2,73.8,89.2,23.6,66.6,56.1,129.9,30.1,27.9,50,91.2
RA-0020554-01,141-K06,ST095271,P3-B8,I10,C14H19NO3,"ethyl 3,6,6-trimethyl-4-oxo-5,6,7-trihydroindole-2-carboxylate",CCOC(=O)c1[nH]c2c(c1C)C(=O)CC(C2)(C)C,6.4,42,36,Undefined,68.9,96.5,92.1,85,53.5,,86.8,96.1,95.4,90,104.5,,,,,,
RA-0020118-01,59-O05,ST015627,P1-B5,C9,C20H15N3O,"3-(3-methylphenyl)-2-(pyridin-3-yl)-3,4-dihydroquinazolin-4-one",CC1=CC(N2C(C3=CN=CC=C3)=NC4=CC=CC=C4C2=O)=CC=C1,15.7,42.2,41,Undefined,85.9,92.1,83,97.2,43.8,78.2,74,75.7,119.2,96.2,136.5,77.6,116.6,103.1,147.4,123.1,136.3
RA-0020119-01,156-N4,ST104704,P2-D8,G16,C17H12ClF3N2O2,"4-[(4-chlorophenyl)(hydroxy)methyl]-1-phenyl-3-(trifluoromethyl)-4,5-dihydro-1H-pyrazol-5-one",OC(C1C(=O)N(N=C1C(F)(F)F)C2=CC=CC=C2)C3=CC=C(Cl)C=C3,43.2,42.4,43.6,2.551,67.2,88.2,57.4,47,38.6,69.6,47.8,94.3,88.8,160.5,109.5,62.6,137.5,11.1,137.1,50.1,75.7
RA-0020120-01,74-K22,ST039256,P1-C6,E11,C13H10F6N2OS,"N-(3-cyano(4,5,6,7-tetrahydrobenzo[b]thiophen-2-yl))-3,3,3-trifluoro-2-(triflu oromethyl)propanamide",FC(F)(C(C(F)(F)F)C(NC1=C(C#N)C2=C(CCCC2)S1)=O)F,32.4,42.7,56.6,Undefined,69.9,91.3,53.1,33.7,36,19,65.1,81.8,117.9,83.8,132.2,83.4,112.6,113.7,152.2,106.5,118.3
RA-0020121-01,65-J18,ST027857,P1-C9,E17,C21H19N3O3S,"3-[4-(2,3-dihydro-1H-indole-1-sulfonyl)phenyl]-1-phenylurea",O=C(NC1=CC=CC=C1)NC2=CC=C(C=C2)S(=O)(N3CCC4=C3C=CC=C4)=O,36.9,43.3,60.7,Undefined,62.9,92.2,51.5,65,77.6,58.6,51.7,77.6,97,51.7,135.9,75.7,141.2,82.8,79.5,90.8,121.1
RA-0020122-01,104-L18,ST028855,P1-B12,C23,C18H16N4O6S,"butyl 4-(1H-1,3-benzodiazol-2-ylsulfanyl)-3,5-dinitrobenzoate",CCCCOC(C1=CC([N+]([O-])=O)=C(C([N+]([O-])=O)=C1)SC2=NC3=CC=CC=C3N2)=O,24.5,44.4,64.6,Undefined,73.3,82.9,76.5,71.8,38.2,39.7,70.1,63.9,101.9,109,75.2,59.4,108.3,42.3,79.4,56.6,88.9
RA-0020123-01,109-C13,ST066661,P1-C5,E9,C21H18N4O2S,"3-amino-N-(2-ethoxyphenyl)-6-(pyridin-4-yl)thieno[2,3-b]pyridine-2-carboxamide",CCOC1=CC=CC=C1NC(C2=C(N)C3=C(N=C(C4=CC=NC=C4)C=C3)S2)=O,31.5,45.6,90.5,Undefined,98.5,97.1,83.4,67.2,51.4,91.9,59.9,81.4,121.4,107.2,133.4,106.1,122.7,149.3,134.5,129,135.5
RA-0020124-01,33-I19,ST50601890,P1-F7,K13,C24H16Cl2N4O3,"2-(4,5-dibenzoyl-1H-1,2,3-triazol-1-yl)-N-(3,4-dichlorophenyl)acetamide",ClC1=CC=C(C=C1Cl)NC(CN2N=NC(C(C3=CC=CC=C3)=O)=C2C(C4=CC=CC=C4)=O)=O,55.6,49,62.5,Undefined,65.4,81.9,58.5,61.2,73.9,75.7,44.7,98.2,86.9,1.3,96,71,100.2,178,9.4,24.6,54.7
RA-0020125-01,23-G7,ST092789,P1-D2,G3,C20H14Cl2N4,(4-chlorophenyl){3-[(4-chlorophenyl)amino]quinoxalin-2-yl}amine,ClC1=CC=C(NC2=NC3=CC=CC=C3N=C2NC4=CC=C(Cl)C=C4)C=C1,41.4,49.8,70.3,Undefined,59.3,85.8,45.9,69.4,86.1,63.6,52.7,58.7,72.7,12.3,96,40.2,69.2,3.7,40,69,91.7
RA-0020126-01,70-F11,ST034398,P1-H8,O15,C16H14Cl2N2O2S2,"2-{[(3,4-dichlorophenyl)carbamothioyl]sulfanyl}ethyl N-phenylcarbamate",ClC1=CC=C(C=C1Cl)NC(SCCOC(NC2=CC=CC=C2)=O)=S,61,50.9,70.4,Undefined,76.9,94,68.1,55.8,61.1,77.7,74.5,96.1,100.6,147.2,112.6,240.4,103.1,79,111.9,135.3,126.7
RA-0020127-01,87-D22,ST057760,P1-D1,G1,C14H10O5,"2,6,7-trihydroxy-9-methyl-3H-xanthen-3-one",CC(C1=C(O2)C=C(O)C(O)=C1)=C3C2=CC(C(O)=C3)=O,40.6,54.4,83.4,Undefined,90.1,86.7,72,59.4,49.8,77.6,60.3,77.1,106.9,55.4,70.4,68.8,74.6,58,95.1,89.1,65.8
RA-0020128-01,112-F9,R870900,P2-E2,I4,C10H7Cl2N3OS,"1-(3,4-dichlorophenyl)-3-(1,3-thiazol-2-yl)urea
",ClC1=CC=C(NC(=O)NC2=NC=CS2)C=C1Cl,43.9,55.8,64.5,Undefined,76.7,95.7,51,88.8,89.5,72.7,57.1,82.5,76.1,90.8,56.7,87.1,38.4,24.2,48.6,130,32.8
RA-0020129-01,143-A15,ST096275,P2-C9,E18,C20H17N5O,5-amino-N-(naphthalen-2-yl)-3-(phenylamino)-1H-pyrazole-4-carboxamide,NC1=C(C(=O)NC2=CC3=CC=CC=C3C=C2)C(=N[NH]1)NC4=CC=CC=C4,51.4,57.6,78.3,Undefined,72.6,88.2,62.1,61.1,68.6,68.6,60.6,86.5,93.5,51.4,103.3,136.1,136.4,106.8,28.3,150.2,94.8
RA-0020130-01,156-P4,ST104705,P2-D9,G18,C17H11Cl2F3N2O2,"4-[(2,4-dichlorophenyl)(hydroxy)methyl]-1-phenyl-3-(trifluoromethyl)-4,5-dihydro-1H-pyrazol-5-one",OC(C1C(=O)N(N=C1C(F)(F)F)C2=CC=CC=C2)C3=C(Cl)C=C(Cl)C=C3,21.2,57.6,60.5,Undefined,78.4,89.8,66.4,58.1,54.9,78.7,61.9,108.8,93.1,166.1,101.3,74.5,132.6,13.2,127,61.9,79
RA-0020131-01,62-F19,ST023850,P1-D6,G11,C10H4N6O,"indeno[2,3-e]1,2,3,4-tetraazolo[1,5-b]1,2,4-triazin-10-one",O=C1C2=CC=CC=C2C3=NN4N=NN=C4N=C13,44,58,59,Undefined,78.8,51.9,67.1,56.5,41.5,17.5,62.2,0.9,65.3,8.7,26.2,73.8,2.7,36.3,0.1,10.5,3.6
RA-0020132-01,16-H11,ST081918,P1-E3,I5,C17H10BrClN2O,3-[(5-bromoindol-3-yl)methylene]-6-chloro-1H-benzo[d]azolin-2-one,ClC1=CC2=C(C(C(N2)=O)=CC3=CNC4=C3C=C(Br)C=C4)C=C1,48.3,59.2,72.2,Undefined,75.9,96.2,52,79.3,97.2,73.8,60.7,83.7,116,59.5,90.1,75.6,108.3,28.1,75.6,87.8,109.9
RA-0020133-01,128-M14,ST088114,P1-C1,E1,C12H6N2O2,"1,4-dihydroxynaphthalene-2,3-dicarbonitrile",OC1=C(C(C#N)=C(C2=C1C=CC=C2)O)C#N,24.6,59.3,83.7,Undefined,92.3,94.9,75.9,75.9,55.4,83.5,60.3,68,94.4,62.9,81.2,72.7,74.9,56.3,90.8,88.9,99.9
RA-0020134-01,123-L17,ST060750,P1-E2,I3,C19H14ClN3OS,"N-(3-chlorophenyl)-3-methyl-1-phenyl-1H-thieno[2,3-c]pyrazole-5-carboxamide",CC1=NN(C2=C1C=C(C(NC3=CC(Cl)=CC=C3)=O)S2)C4=CC=CC=C4,48.1,59.4,68.3,Undefined,66.2,86.8,56.6,75,90.2,67.8,58,81.9,123.7,101.4,135,61.9,78.4,91.9,88.5,103.3,95.5
RA-0020135-01,71-A13,ST034889,P1-E1,I1,C21H18FN3O2S2,"3-[4-(2,3-dihydro-1H-indole-1-sulfonyl)phenyl]-1-(4-fluorophenyl)thiourea",FC1=CC=C(NC(NC2=CC=C(S(=O)(N3CCC4=CC=CC=C34)=O)C=C2)=S)C=C1,47.4,59.5,66.4,Undefined,75.4,88,57.7,75,95.3,74.4,63.1,89.8,102.9,37.2,66.2,69.5,74.2,22.5,64.5,69.7,63.4
RA-0020136-01,16-L7,ST081872,P1-G1,M1,C18H15Cl2NO,"9-chloro-4-(4-chlorophenyl)-3,4,5,3a,9b-pentahydrocyclopenta[1,2-c]quinolin-6- ol",OC1=CC=C(C2=C1NC(C3=CC=C(Cl)C=C3)C4C2C=CC4)Cl,56.5,59.6,85.6,Undefined,83.9,91.6,65.3,71.8,84.8,80,71.1,97.6,76.8,12.5,4.1,51.5,50.7,38.2,76.9,30.5,30.2
RA-0020137-01,141-J16,ST095646,P2-C8,E16,C16H18N2O2,"5-acetyl-N-benzyl-2,4-dimethyl-1H-pyrrole-3-carboxamide
",CC(=O)C1=C(C)C(=C(C)[NH]1)C(=O)NCC2=CC=CC=C2,20.8,60.9,71.8,Undefined,84.4,86.9,89,93.6,50.3,90.1,85.6,96.3,101.5,131.7,109.2,98.7,132.1,129.2,147.5,113.6,89.6
RA-0020138-01,24-G8,ST033547,P1-H4,O7,C23H18BrN3O,[2-(4-bromophenyl)-6-phenylpyrimidin-4-yl](4-methoxyphenyl)amine,COC1=CC=C(NC2=NC(C3=CC=C(Br)C=C3)=NC(C4=CC=CC=C4)=C2)C=C1,59.7,61,88.6,Undefined,73.4,97.8,58.1,86.1,96,78,55,93.4,94.5,162.3,87.3,107.8,102.4,97.9,117.6,122.5,105.9
RA-0020139-01,133-O7,ST083138,P1-A5,A9,C23H19NO3S2,N-{4-hydroxy-3-[(4-methylphenyl)sulfanyl]naphthalen-1-yl}benzenesulfonamide,CC1=CC=C(SC2=C(O)C3=C(C=CC=C3)C(NS(=O)(C4=CC=CC=C4)=O)=C2)C=C1,7.3,61.3,76.5,Undefined,90.7,97.2,88.2,58.4,37.7,13.1,75.7,70.6,106.9,68.8,135.2,82.4,125.2,80.6,123.4,105.1,133
RA-0020140-01,89-L6,ST059582,P1-B7,C13,C9H3Cl2NO2,"6,7-dichloro-5,8-dihydroquinoline-5,8-dione",ClC1=C(C(C2=NC=CC=C2C1=O)=O)Cl,19.6,63.1,62.3,Undefined,74.4,53.1,68.6,41.2,38.3,15.4,54.8,76,113.7,81.5,124.6,84.7,108.5,124.2,141.3,115.4,129.6
RA-0020141-01,88-K16,ST058248,P1-G3,M5,C19H15Cl2N3O3S,"3-{4-[(2,3-dichlorophenyl)sulfamoyl]phenyl}-1-phenylurea",ClC1=C(Cl)C(NS(=O)(C2=CC=C(NC(NC3=CC=CC=C3)=O)C=C2)=O)=CC=C1,56.9,63.3,77.8,Undefined,75.5,95.3,53.7,87.9,87.3,79,66.1,106.3,104.5,21.5,43.4,51.7,79.8,46.4,81.3,83.8,82.8
RA-0020142-01,110-F5,R644633,P1-E7,I13,C13H10Cl2N2O2,"3-(3,4-dichlorophenyl)-1-(2-hydroxyphenyl)urea",OC1=CC=CC=C1NC(NC2=CC(Cl)=C(Cl)C=C2)=O,49.9,63.5,70.6,Undefined,72.1,87.4,56.3,79.8,77.5,74.5,63,84.2,116.8,125.4,131.2,86.7,120,74.6,91.6,83.9,94.2
RA-0020143-01,30-I7,ST080595,P1-B2,C3,C20H12N3NaO7S,"3-hydroxy-4-[(1-hydroxy(2-naphthyl))diazenyl]-7-nitronaphthalenesulfonic acid, sodium salt",OC(C=C1S(O)(=O)=O)=C(C2=C1C=C(C=C2)[N+]([O-])=O)N=NC3=CC=C(C=CC=C4)C4=C3O,12.6,64.3,81.7,Undefined,85.1,86.4,65.4,62.8,36.1,64.7,24.8,69.7,107.2,133.1,123.3,73.2,104.7,105.9,84.4,116.1,121.7
RA-0020144-01,17-N7,ST083141,P1-A6,A11,C18H15NO5S2,2-{1-hydroxy-4-[(phenylsulfonyl)amino]-2-naphthylthio}acetic acid,OC(CSC1=C(O)C2=C(C=CC=C2)C(NS(=O)(C3=CC=CC=C3)=O)=C1)=O,7.3,66.8,13.7,2.63,91.9,16.1,43.6,11.8,32.8,4.6,23.8,72,114.7,90.9,136.8,82.9,111.1,81,112.3,105.6,135.4
RA-0020145-01,21-C4,ST088252,P1-F9,K17,C19H22N2O3S2,(2E)-N-[4-(azaperhydroepinylsulfonyl)phenyl]-3-(2-thienyl)prop-2-enamide,O=C(C=CC1=CC=CS1)NC2=CC=C(S(=O)(N3CCCCCC3)=O)C=C2,55.8,67.1,74.3,Undefined,80.9,94.7,72.2,83.5,93.9,84.9,75.7,92.1,98.5,50.2,115.2,116,131.2,118.8,76,126.4,71.1
RA-0020146-01,75-I14,ST040794,P1-G9,M17,C19H15ClFN3O3S,1-(4-chlorophenyl)-3-{4-[(4-fluorophenyl)sulfamoyl]phenyl}urea,FC1=CC=C(NS(=O)(C2=CC=C(NC(NC3=CC=C(Cl)C=C3)=O)C=C2)=O)C=C1,58,67.6,69.1,Undefined,67.7,95.5,58.7,74.8,81.1,67.1,69.5,88.7,99.7,22.8,91.6,68.4,120.7,75.5,84.2,82.5,91.7
RA-0020147-01,3-L15,ST032087,P1-D5,G9,C16H13N7O3S2,"2-(5-ethyl(1,2,4-triazino[5,6-b]indol-3-ylthio))-N-(5-nitro(1,3-thiazol-2-yl)) acetamide",CCN1C2=C(C=CC=C2)C3=NN=C(SCC(NC(S4)=NC=C4[N+]([O-])=O)=O)N=C13,43.2,67.6,64.8,Undefined,86.4,82.5,75,58.8,39.9,15.4,41.2,90.9,111.5,99.1,142.8,79.4,110.8,100,122.8,114.7,136
RA-0020148-01,28-M10,ST075671,P1-E12,I23,C22H22Cl2O4,"6-chloro-4-(7-chloro-6-hydroxyspiro[1,2,3,3a,9a-pentahydrocyclopenta[1,2-b]chr omane-9,1'-cyclopentane]-3a-yl)benzene-1,3-diol",OC1=CC(O)=C(C23CCCC2C4(C5=CC(Cl)=C(C=C5O3)O)CCCC4)C=C1Cl,53.1,67.8,82.9,Undefined,90.2,91.8,79.3,76.6,73,92.5,78.1,75.4,98.2,120.9,99.3,58.6,100.1,57.8,76.8,57.1,65.1
RA-0020149-01,3-I17,ST025568,P1-B4,C7,C11H7Cl2NO2,"3,4-dichloro-1-benzylazoline-2,5-dione",ClC(C1=O)=C(C(N1CC2=CC=CC=C2)=O)Cl,13.6,68.4,64.1,Undefined,82,91.9,67.2,64.9,40.3,21.9,74.7,81.2,116,102.9,145.3,85.5,98.4,100.5,143.2,119.2,133.6
RA-0020150-01,88-E16,ST058245,P1-D12,G23,C21H21N3O5S,"3-{4-[(2,5-dimethoxyphenyl)sulfamoyl]phenyl}-1-phenylurea",COC1=CC(NS(=O)(C2=CC=C(NC(NC3=CC=CC=C3)=O)C=C2)=O)=C(OC)C=C1,47,69.9,79.3,Undefined,81.3,91.8,73.2,78.3,83.7,83.9,78.3,67.9,101.2,97.3,77.9,62.3,119.7,48,85,61.5,69.5
RA-0020151-01,133-C3,ST083079,P1-F6,K11,C24H21NO5S2,"N-[4-hydroxy-3-(phenylsulfanyl)naphthalen-1-yl]-2,5-dimethoxybenzene-1-sulfonamide",COC1=CC(S(=O)(NC2=C3C(C=CC=C3)=C(O)C(SC4=CC=CC=C4)=C2)=O)=C(OC)C=C1,55.5,70.4,67.5,Undefined,90.1,92,80.7,85.4,55,73.2,76.9,108.4,124,73.1,127.2,82.7,91.1,93.6,120,93.8,92.9
RA-0020152-01,87-D20,ST057751,P1-G4,M7,C8H8N4O2S,"5-methanesulfonyl-1-phenyl-1H-1,2,3,4-tetrazole",CS(=O)(C1=NN=NN1C2=CC=CC=C2)=O,57,71.2,70.2,Undefined,79.3,89.3,75.9,76.8,36.3,14.4,83,110.3,127.9,11.7,38,30.3,84.1,16.9,67.3,60.3,92.1
RA-0020153-01,157-F5,ST105210,P2-D10,G20,C18H17Cl3N2O2,"4-(4-chlorophenyl)-N-(3,4-dichlorophenyl)-4-hydroxypiperidine-1-carboxamide",OC1(CCN(CC1)C(=O)NC2=CC=C(Cl)C(=C2)Cl)C3=CC=C(Cl)C=C3,60.8,71.3,75.3,Undefined,89.5,94.4,80,74.4,83.6,89.1,80.4,97.7,92.5,19.2,105.1,129.5,104.2,45.1,52.6,142.4,78.3
RA-0020154-01,87-A18,ST057208,P1-D3,G5,C15H9ClF3NOS,2-chloro-1-[2-(trifluoromethyl)-10H-phenothiazin-10-yl]ethan-1-one,FC(F)(C1=CC2=C(SC3=CC=CC=C3N2C(CCl)=O)C=C1)F,42,73.8,67.5,Undefined,91.5,93.9,81.9,101.6,63.5,88.5,85,85.9,115.2,86.1,101.3,94.4,132.9,86.4,107.4,113.1,128.4
RA-0020155-01,67-O05,ST029248,P1-H6,O11,C22H30O2S,2-(tert-butyl)-4-[5-(tert-butyl)-4-hydroxy-2-methylphenylthio]-5-methylphenol,CC1=CC(O)=C(C(C)(C)C)C=C1SC2=CC(C(C)(C)C)=C(C=C2C)O,60.6,74.6,95.7,Undefined,89.8,90.9,73.3,83.3,86.1,95,70.7,91.9,86.4,67.6,119.1,90.3,107.6,81.5,6,91.8,99.5
RA-0020156-01,76-M17,ST042035,P1-F3,K5,C18H14Cl2N4OS,N-(4-chlorophenyl)-2-({6-[(4-chlorophenyl)amino]pyridazin-3-yl}sulfanyl)acetamide,ClC1=CC=C(NC(CSC2=NN=C(NC3=CC=C(Cl)C=C3)C=C2)=O)C=C1,53.9,75.3,85.3,Undefined,93.7,99.6,67.6,95.6,102,92.7,69.5,109.6,109.6,100.9,117,76.9,106.1,86.2,97.7,100.3,92.8
RA-0020157-01,120-D13,ST030723,P1-E4,I7,C14H10ClF3N2O,1-(3-chlorophenyl)-3-[4-(trifluoromethyl)phenyl]urea,FC(F)(C1=CC=C(NC(NC2=CC(Cl)=CC=C2)=O)C=C1)F,48.4,75.6,72.2,Undefined,82.9,93.8,66.6,100.1,103.4,87.5,73,97.4,114.5,62.4,121.4,75.7,109.3,36.2,120.3,95.2,99.8
RA-0020158-01,4-K14,ST041923,P1-H5,O9,C17H14N2O7S,"4-{5-[(1,3-dimethyl-2,4,6-trioxo-1,3-dihydropyrimidin-5-ylidene)methyl]-2-fury l}benzenesulfonic acid",O=S(C1=CC=C(C=C1)C(O2)=CC=C2/C=C(C(N3C)=O)/C(N(C3=O)C)=O)(O)=O,60.2,75.8,76.4,Undefined,91.4,98.9,79.1,100.5,94.2,95.7,84.6,97.2,88.5,139,124.4,103.3,116.8,143.7,133.5,125.8,113.9
RA-0020159-01,2-D20,ST021451,P1-D4,G7,C17H12ClN5OS,N-((1E)-2-indol-3-yl-1-azavinyl)[3-(5-chloro(2-thienyl))pyrazol-5-yl]carboxami de,ClC1=CC=C(C2=NNC(C(NN=CC3=CNC4=C3C=CC=C4)=O)=C2)S1,42.6,76.7,90.2,Undefined,90.4,94.9,68.2,95.3,99.9,89.9,70.4,81,99.1,89,106.6,95,106.5,172.2,52.7,129.2,95
RA-0020160-01,4-L14,ST050631,P1-H1,O1,C15H13ClN4O,"6-amino-4-(4-chlorophenyl)-3-ethyl-4H-pyrano[3,2-d]pyrazole-5-carbonitrile",CCC1=NNC(O2)=C1C(C(C#N)=C2N)C3=CC=C(C=C3)Cl,58.6,77.2,98.2,Undefined,85.6,89.9,70.2,92.1,77,85.9,67.7,78,66.9,107.4,62.8,80.7,93.5,35.4,92.4,84.5,107.5
RA-0020161-01,10-I11,ST071278,P1-H12,O23,C21H14BrN5O2,"6-amino-14-bromo-3-methyl-11-oxo-1-phenylspiro[4H-pyrano[3,2-d]pyrazole-4,3'-i ndoline]-5-carbonitrile",CC1=NN(C2=CC=CC=C2)C3=C1C4(C(NC5=CC=C(C=C45)Br)=O)C(C#N)=C(N)O3,61.7,77.8,90.5,Undefined,86.7,93.8,83.5,88.4,51.7,78.5,81.7,91.8,91.8,132.9,94.5,65,89.7,87.3,108.2,58.5,83.3
RA-0020162-01,109-M12,R539872,P1-F11,K21,C12H12O5,"5,6-diethoxy-4,7-dihydro-1-benzofuran-4,7-dione",CCOC(C1=O)=C(C(C2=C1C=CO2)=O)OCC,55.9,78.1,75.6,Undefined,92.6,56.9,87.1,78.8,86.2,89.4,89,98.6,110.3,91,114.4,69,124.9,98.4,118.6,81.7,91.8
RA-0020163-01,66-M19,ST028080,P1-C7,E13,C16H13Cl4N3O3,"[(3,4-dichlorophenyl)amino]-N-{2-[N-(3,4-dichlorophenyl)carbamoyloxy]ethyl}car boxamide",ClC1=CC=C(C=C1Cl)NC(NCCOC(NC2=CC(Cl)=C(Cl)C=C2)=O)=O,34.3,78.3,101.9,Undefined,84.6,88.5,71.8,83.9,88.8,83,72.1,76.1,113.9,120.6,131.8,78.3,91.3,104.4,128.6,102.2,123.9
RA-0020164-01,115-E7,S500720,P1-A12,A23,C20H16O5,6-(6-hydroxy-3-oxo-3H-xanthen-9-yl)cyclohex-3-ene-1-carboxylic acid,OC(C1CC=CCC1C(C2=C(O3)C=C(O)C=C2)=C4C3=CC(C=C4)=O)=O,10.9,78.5,101.2,Undefined,90.5,95,87.9,78.8,59.6,86.2,82.4,49.3,94.5,95.9,95.8,71.3,109,89.2,99.2,59.5,81.2
RA-0020165-01,87-G6,ST056991,P1-A11,A21,C26H16Cl2N2O5S,"4-(5-{[(4E)-1-(3,4-dichlorophenyl)-5-oxo-3-phenyl-4,5-dihydro-1H-pyrazol-4-ylidene]methyl}furan-2-yl)benzene-1-sulfonic acid",OS(=O)(C1=CC=C(C(O2)=CC=C2C=C3C(N(C4=CC(Cl)=C(Cl)C=C4)N=C3C5=CC=CC=C5)=O)C=C1)=O,9.8,78.6,87,Undefined,81.6,96.5,89.1,80,60.1,83.2,91.7,71,92.9,99.8,121,81.2,145.4,85.9,115.4,86.7,110.2
RA-0020166-01,144-L6,ST097120,P2-D2,G4,C20H13N3O3S,"2-(2H-1,3-benzodioxole-5-carbonyl)-6-(pyridin-4-yl)thieno[2,3-b]pyridin-3-amine",NC1=C(SC2=C1C=CC(=N2)C3=CC=NC=C3)C(=O)C4=CC=C5OCOC5=C4,40.1,79.1,89.8,Undefined,97,103.4,79.2,88.1,69.7,97.7,74.2,98.5,86.4,73.6,113,60,103.2,74.9,124.5,109.9,111.3
RA-0020167-01,153-D20,ST102907,P2-D5,G10,C10H8O4,"5,8-dihydroxy-1,2,3,4-tetrahydronaphthalene-1,4-dione
",OC1=C2C(=O)CCC(=O)C2=C(O)C=C1,33.1,79.5,70.6,Undefined,87.4,18.2,80.7,28.1,42.5,32.6,61.6,50.7,72.6,9,56.7,8.9,76.2,4.1,58.2,30.2,56.6
RA-0020168-01,89-N11,ST059349,P1-D9,G17,C20H19N3O3S,3-{4-[(3-methylphenyl)sulfamoyl]phenyl}-1-phenylurea,CC1=CC(NS(=O)(C2=CC=C(NC(NC3=CC=CC=C3)=O)C=C2)=O)=CC=C1,45.4,81,74.2,Undefined,86,94.2,75.3,86.1,88.5,86.3,75.3,86.1,99.2,84.9,127,86.6,116.7,126,135.8,106.2,118.3
RA-0020169-01,145-I15,ST097261,P2-D3,G6,C13H8ClF3N4OS2,"1-[4-chloro-3-(trifluoromethyl)phenyl]-3-[3-(prop-2-yn-1-ylsulfanyl)-1,2,4-thiadiazol-5-yl]urea",FC(F)(F)C1=C(Cl)C=CC(=C1)NC(=O)NC2=NC(=NS2)SCC#C,51.4,81.5,90.7,Undefined,84.8,89.8,65.9,95.3,95.6,85.3,72.7,101.4,71.2,62.2,101.7,103.8,103.7,46.6,60.6,191.4,88.3
RA-0020170-01,110-C5,R579785,P2-E3,I6,C12H6Cl2N2O6S,4-chloro-2-[(5-chloro-2-hydroxy-3-nitrophenyl)sulfanyl]-6-nitrophenol,OC1=C(C=C(Cl)C=C1SC2=CC(=CC(=C2O)[N+]([O-])=O)Cl)[N+]([O-])=O,64.2,82.5,70.3,Undefined,87.7,89.3,77.9,84.6,53,84,78.3,116.5,91.1,105.6,111.2,93,95.9,49.4,126.3,111,80.8
RA-0020171-01,108-A9,R427551,P1-C12,E23,C8H11NOS2,"3-ethyl-5-(propan-2-ylidene)-2-sulfanylidene-1,3-thiazolidin-4-one",O=C1N(C(S/C1=C(C)\C)=S)CC,40.2,82.8,88.8,Undefined,90.1,92,93.2,66.7,67.4,93.8,88.6,71.5,107.4,85,88.1,68.2,104.4,63.1,107.5,50.9,53.7
RA-0020172-01,99-O5,ST073700,P1-H2,O3,C11H14N4O,"7-(piperidin-1-yl)-2,1,3-benzoxadiazol-4-amine",NC1=CC=C(C2=NON=C12)N3CCCCC3,59.4,83.5,90.2,Undefined,86.6,87.2,73.6,97.7,85.3,95.2,71,87.4,79,134.5,127.9,88.8,105.4,93.8,116.8,127.9,90.1
RA-0020173-01,46-J05,ST076927,P2-B5,C10,C21H12ClN3O2,"3-amino-5-(2H-1,3-benzodioxol-5-yl)-4'-chloro-[1,1'-biphenyl]-2,4-dicarbonitrile",NC1=C(C#N)C(=CC(=C1C#N)C2=CC=C(Cl)C=C2)C3=CC=C4OCOC4=C3,63.6,85.8,80.8,Undefined,96.9,94.5,88.7,81.7,73.1,92,81.8,90.5,79.4,143.2,117.7,115.9,118.1,108.8,143.9,132.1,126.9
RA-0020174-01,12-K4,ST073566,P1-H11,O21,C17H26N2O3S,3-(4-{[(tert-butyl)amino]sulfonyl}phenyl)-1-pyrrolidinylpropan-1-one,CC(C)(NS(=O)(C1=CC=C(CCC(N2CCCC2)=O)C=C1)=O)C,61.5,87.2,101.9,Undefined,92.7,94.2,87.2,97.3,87.8,99,80.6,95.9,99.3,136.3,111.8,91.1,126.4,139.5,134.7,91,92.6
RA-0020175-01,4-G7,ST037201,P1-F5,K9,C16H18N4O,"6-(methylethyl)-4-oxo-3-propylcyclohexane-1,1,2,2-tetracarbonitrile",CCCC(C1(C#N)C#N)C(CC(C1(C#N)C#N)C(C)C)=O,55.5,87.7,71.9,Undefined,96.1,96.4,83.9,106.3,70.7,93.6,86,100.8,116.9,88.4,129.7,90.8,130.8,85.3,122.9,95.6,102.5
RA-0020176-01,118-M13,ST012018,P1-D10,G19,C20H11Br2Cl2NO3,"3,5-dibromo-N-[4-chloro-3-(4-chlorobenzoyl)phenyl]-2-hydroxybenzamide",OC1=C(C=C(C=C1C(NC2=CC(C(C3=CC=C(Cl)C=C3)=O)=C(Cl)C=C2)=O)Br)Br,45.9,88,62.3,Undefined,100.8,98.4,93.6,85.8,87.1,96.5,93,75.4,123.7,75.5,128,79.9,110.6,37.9,119.3,100.1,110.5
RA-0020177-01,87-I6,ST056996,P1-A8,A15,C22H17N3O6S,"4-(5-{[(4E)-1-(4-carbamoylphenyl)-3-methyl-5-oxo-4,5-dihydro-1H-pyrazol-4-ylidene]methyl}furan-2-yl)benzene-1-sulfonic acid",CC(C1=CC2=CC=C(C3=CC=C(S(O)(=O)=O)C=C3)O2)=NN(C4=CC=C(C(N)=O)C=C4)C1=O,8.2,88.8,79.9,Undefined,90.6,101.3,95.9,87.6,77.4,81.1,95.3,71,114.6,91.6,121.7,87.6,114.6,115.5,115.7,104.3,132.4
RA-0020178-01,17-G18,ST082942,P1-H3,O5,C12H10FN3OS,"2-amino-7-(2-fluorophenyl)-4,6,7-trihydro-1,3-thiazolo[4,5-b]pyridin-5-one",NC1=NC(NC(CC2C3=CC=CC=C3F)=O)=C2S1,59.4,89.5,105.6,Undefined,92.1,95.5,75,101.3,97,96.1,82.3,103.7,86.8,125.2,127.1,92.1,100.2,88.2,106.6,135,124.3
RA-0020179-01,23-E20,ST000613,P1-E8,I15,C19H14F6N4,(6-methyl-2-{[3-(trifluoromethyl)phenyl]amino}pyrimidin-4-yl)[3-(trifluorometh yl)phenyl]amine,CC1=NC(NC2=CC(C(F)(F)F)=CC=C2)=NC(NC3=CC(C(F)(F)F)=CC=C3)=C1,50,89.8,97.2,Undefined,96.1,92.5,85.7,92.1,98.1,96.7,85.7,89.6,119.1,181.7,141.4,125.1,123.8,88.1,107.9,135.3,120.1
RA-0020180-01,4-B15,ST047887,P1-G11,M21,C18H13ClN2OS,6-chloro-2-methylthio-5-(2-naphthyloxy)benzimidazole,CSC(N1)=NC2=C1C=C(Cl)C(OC3=CC4=CC=CC=C4C=C3)=C2,58.5,90,98.6,Undefined,91,93.3,87.8,82.6,78,96.8,83.8,94.8,98.8,85.6,89.5,61.5,104.6,63.2,98.7,52,72.1
RA-0020181-01,132-A16,ST082260,P2-B7,C14,C25H24N6O,"4-{6-[6-(4-methylpiperazin-1-yl)-1H-1,3-benzodiazol-2-yl]-1H-1,3-benzodiazol-2-yl}phenol",CN1CCN(CC1)C2=CC3=C(C=C2)N=C([NH]3)C4=CC5=C([NH]C(=N5)C6=CC=C(O)C=C6)C=C4,62.4,90.3,86.8,Undefined,93.5,91,87.9,88.5,95.5,87.4,80.5,92.4,76,135.4,120.4,118.3,128,142.8,151.4,119.3,126.6
RA-0020182-01,115-C7,S500704,P1-F12,K23,C20H18O5,2-(6-hydroxy-3-oxo-3H-xanthen-9-yl)cyclohexane-1-carboxylic acid,OC(C1CCCCC1C(C2=C(O3)C=C(O)C=C2)=C4C3=CC(C=C4)=O)=O,56.3,90.4,90.9,Undefined,93,93.8,92.3,92.8,89.2,99.2,87.8,92.2,103.5,106.9,91.2,71.6,111.7,82.4,94.9,54.6,52.2
RA-0020183-01,7-P4,ST066699,P1-G5,M9,C21H17Br2N5OS2,"N-(3,5-dibromo(2-pyridyl))-2-(3-cyano-6-methyl-4-(3-thienyl)(5,6,7,8-tetrahydr opyridino[5,6-c]pyridin-2-ylthio))acetamide",CN(C1)CCC2=C1C(C3=CSC=C3)=C(C#N)C(SCC(NC4=NC=C(C=C4Br)Br)=O)=N2,57.3,91.6,90.1,Undefined,95,93.8,83.6,95.9,71.2,93.5,85.6,97.5,117.5,54.8,51.5,74,107.2,54.5,109.3,78.6,89.2
RA-0020184-01,141-O6,ST095273,P2-C2,E4,C15H16N2O2,"5-acetyl-2,4-dimethyl-N-phenyl-1H-pyrrole-3-carboxamide
",CC(=O)C1=C(C)C(=C(C)[NH]1)C(=O)NC2=CC=CC=C2,7.3,92.3,104.1,Undefined,99.4,94.4,82.3,107.8,88.4,97.9,82.8,97.3,84.7,112.3,109.6,93.1,90.8,76.4,131.7,118.4,93.4
RA-0020185-01,3-J10,ST034056,P1-C11,E21,C20H21BrN2O4,"5-[(5-bromo-2-methoxyphenyl)methylene]-1-(2-cyclohex-1-enylethyl)-1,3-dihydrop yrimidine-2,4,6-trione",COC1=CC=C(C=C1C=C(C2=O)C(NC(N2CCC3=CCCCC3)=O)=O)Br,39.8,92.4,100,Undefined,94.9,90.6,94.3,91.1,85.3,96.8,93,86.2,103.1,89.3,108.1,72.6,151.3,101,137.5,94.9,116
RA-0020186-01,95-C17,ST069093,P1-H7,O13,C18H22N2O3S,"(5Z)-5-[(3-ethoxy-4-hydroxyphenyl)methylidene]-2-(4-methylpiperidin-1-yl)-4,5-dihydro-1,3-thiazol-4-one",CCOC1=CC(C=C2SC(N3CCC(CC3)C)=NC2=O)=CC=C1O,60.8,92.5,107,Undefined,91.3,94.5,81.3,97.5,96.2,98.5,78.3,94.3,96.3,184.4,113.5,102.3,111.5,204.8,121.7,113,99
RA-0020187-01,104-E3,L320129,P1-F4,K7,C15H10Cl2N2O4,"(E)-[(2H-1,3-benzodioxol-5-yl)methylidene]amino N-(3,4-dichlorophenyl)carbamate",ClC1=CC=C(C=C1Cl)NC(ON=CC2=CC3=C(OCO3)C=C2)=O,54.7,93.4,93.7,Undefined,100.5,96.7,83.8,104.2,102.6,100.3,86.5,119,125,104.1,141.9,72.5,109.1,88.3,120.1,103,81.7
RA-0020188-01,76-I07,ST041914,P2-A4,A8,C15H11BrClN3OS,"2-[(6-bromo-1H-1,3-benzodiazol-2-yl)sulfanyl]-N-(4-chlorophenyl)acetamide",ClC1=CC=C(NC(=O)CSC2=NC3=CC=C(Br)C=C3[NH]2)C=C1,65.5,95.5,104.5,Undefined,92.8,91.4,82.1,86.8,98.3,89.3,79.1,92.2,90.3,200.1,95.4,122.6,94.2,122.9,133.3,160.6,134.7
RA-0020189-01,119-P20,ST027545,P1-G7,M13,C6H9N3,"benzene-1,3,5-triamine",NC1=CC(N)=CC(N)=C1,57.8,95.6,101.1,Undefined,91,87.9,86.1,95.8,99.1,101.1,84.6,85.6,111.2,41.6,63.8,70.1,108.1,61.3,103.3,84.1,96.8
RA-0020190-01,10-J11,ST071688,P2-B2,C4,C22H17N5OS,"11,15-diamino-2-oxo-1-(2-phenylethyl)spiro[indoline-3,4'-thiin]-12,14-dicarbon itrile",NC1=C(C#N)C2(C(=O)N(CCC3=CC=CC=C3)C4=C2C=CC=C4)C(=C(N)S1)C#N,65.7,95.8,120.7,Undefined,98.6,96.9,83.7,102.7,92.4,95.4,85.9,102.8,70.9,86.5,108.5,73.1,97.9,56.9,103.7,125.3,125
RA-0020191-01,156-M6,ST104405,P2-D7,G14,C18H17ClF3N4O6S,3-[(acetyloxy)methyl]-7-{2-[4-chloro-5-methyl-3-(trifluoromethyl)-1H-pyrazol-1-yl]propanamido}-8-oxo-5-thia-1-azabicyclo[4.2.0]oct-2-ene-2-carboxylate,CC([N]1N=C(C(=C1C)Cl)C(F)(F)F)C(=O)NC2C3SCC(=C(N3C2=O)C([O-])=O)COC(C)=O,49.4,96.5,107.9,Undefined,98.9,95.7,94.9,80.2,87.9,99.5,75.9,97.9,100.3,120.4,118.8,101.1,128.3,164.8,169.1,109.1,93
RA-0020192-01,56-F17,ST011984,P1-F8,K15,C14H15Cl2N3,"3,6-diamino-10-methylacridin-10-ium hydrochloride chloride",C[N+]1=C2C=C(C=CC2=CC3=C1C=C(N)C=C3)N,55.6,96.7,85.7,Undefined,103.5,92.2,95.8,85.2,78.5,105.9,84,92.7,104.5,2511.9,43.3,1282.8,82.9,929.4,8.8,684.2,40.5
RA-0020193-01,99-I7,ST073707,P1-G6,M11,C10H12N4O2,"7-(morpholin-4-yl)-2,1,3-benzoxadiazol-4-amine",NC1=CC=C(C2=NON=C12)N3CCOCC3,57.4,97.2,104.2,Undefined,92.3,89.8,84.3,95.7,93.4,99.5,87,105.6,118.8,50.1,48.5,67.4,91.1,59.6,72.9,84.4,87.3
RA-0020194-01,112-I14,ST085646,P2-B9,C18,C18H15N3O2S,"7-(4-hydroxyphenyl)-2-(phenylamino)-4H,5H,6H,7H-[1,3]thiazolo[4,5-b]pyridin-5-one",OC1=CC=C(C=C1)C2CC(=O)NC3=C2SC(=N3)NC4=CC=CC=C4,36.8,97.3,121.3,Undefined,96,90.2,95.1,90.2,88.8,92.6,92.9,86.1,97.1,147.3,106.1,102,97.5,172.9,123.9,111.5,113.5
RA-0020195-01,82-E20,ST051023,P1-F2,K3,C23H22N2OS,"4-(cyclohex-3-en-1-yl)-2-[(2-oxo-2-phenylethyl)sulfanyl]-5H,6H,7H-cyclopenta[b]pyridine-3-carbonitrile",O=C(C1=CC=CC=C1)CSC2=C(C#N)C(C3CCC=CC3)=C4C(CCC4)=N2,53.7,98.1,105.4,Undefined,91.2,91.8,82.4,99.2,106.1,99.7,82.5,106.3,121.7,114.3,97,58.9,105.5,72.3,126.2,85.1,103
RA-0020196-01,6-I3,ST056982,P1-C8,E15,C14H11N3O5S,"5-(5-{(1Z)-2-[(aminothioxomethyl)amino]-2-azavinyl}-2-furyl)benzene-1,3-dicarb oxylic acid",NC(NN=CC1=CC=C(C2=CC(C(O)=O)=CC(C(O)=O)=C2)O1)=S,35.6,99.3,106.5,Undefined,102.2,93.1,98,100.7,100.8,98.2,93,91.2,118,106,137.6,77.5,124.2,154.2,148.4,104.6,131.5
RA-0020197-01,55-K15,ST008168,P1-G8,M15,C26H24N4O3,4-[(5-hydroxy-3-methyl-1-phenylpyrazol-4-yl)(5-methyl(2-furyl))methyl]-3-methy l-1-phenylpyrazol-5-ol,CC1=CC=C(C(C(C(C)=NN2C3=CC=CC=C3)=C2O)C(C(C)=NN4C5=CC=CC=C5)=C4O)O1,57.9,99.7,88.3,Undefined,97.6,91.2,92.3,98.5,98.4,103.2,87.5,108,111.8,74.2,82.8,67.2,99.2,51.4,100.4,84.3,99.8
RA-0020198-01,23-E18,ST093060,P2-B11,C22,C15H16BF4N3S,3-(dimethylamino)-7-(methylamino)-5λ⁴-phenothiazin-5-ylium; tetrafluoroboranuide,CNC1=CC2=C(C=C1)N=C3C=CC(=CC3=[S+]2)N(C)C.F[B-](F)(F)F,63.9,100.5,113.3,Undefined,101.7,98.2,99.9,94.3,93.3,97.7,99.5,85,93.5,112.7,106.9,60.4,125.5,121.2,111.1,70.5,104
RA-0020199-01,10-H7,ST071649,P2-A11,A22,C21H16Cl2N4O2S,"2,6-diamino-4-{4-[(3,4-dichlorophenyl)methoxy]-3-methoxyphenyl}-4H-thiin-3,5-d icarbonitrile",COC1=CC(=CC=C1OCC2=CC(=C(Cl)C=C2)Cl)C3C(=C(N)SC(=C3C#N)N)C#N,63.3,100.7,123.2,Undefined,101.9,102.2,101.7,94.2,91.1,98.1,103,84.8,102.7,111.2,108.8,107.7,91.3,158.2,148.6,92.9,95.6
RA-0020200-01,27-N8,ST072425,P2-B3,C6,C14H13NO3,"4-morpholin-4-ylnaphthalene-1,2-dione",O=C1C=C(N2CCOCC2)C3=CC=CC=C3C1=O,61.8,102.7,122.5,Undefined,96.4,89.2,85.5,99.4,92.8,94.9,85.3,98.7,81.4,135.4,120.3,93.4,98.6,101.8,137.1,134.5,124
RA-0020201-01,136-H11,ST085854,P1-F10,K19,C10H10N2O4S,"4-(3-methyl-5-oxo-4,5-dihydro-1H-pyrazol-1-yl)benzene-1-sulfonic acid",CC(C1)=NN(C2=CC=C(S(O)(=O)=O)C=C2)C1=O,55.9,102.7,92.9,Undefined,102.2,98.4,97.8,102.9,100.7,105.1,94.6,109.7,118.4,88.3,124.7,75.4,131.1,81.7,119.1,83.3,97
RA-0020202-01,17-I16,ST082932,P1-E5,I9,C14H15N3O3S,"2-amino-7-(2,4-dimethoxyphenyl)-4,6,7-trihydro-1,3-thiazolo[4,5-b]pyridin-5-on e",COC1=CC(OC)=C(C2CC(NC3=C2SC(N)=N3)=O)C=C1,49.3,103.1,99.3,Undefined,102.5,94.8,87,111.6,108.2,103.1,87.4,92.6,125,89.8,136.7,84.3,129.5,103.2,143.4,105.6,123.3
RA-0020203-01,94-N14,ST068774,P1-D8,G15,C8H4BrNOS3,"(5Z)-5-[(5-bromothiophen-2-yl)methylidene]-2-sulfanyl-4,5-dihydro-1,3-thiazol-4-one",SC(S1)=NC(C1=CC(S2)=CC=C2Br)=O,45.4,105.3,109.6,Undefined,101.6,94.6,94.9,98.6,91,98.8,92.6,91.4,115.5,87.6,131.1,81.9,116.1,69.1,130.1,104.6,117
RA-0020204-01,13-N19,ST076674,P2-B4,C8,C16H17ClN2O3,"1-(3,5-dimethylphenyl)-4-chloro-3-morpholin-4-ylazoline-2,5-dione",CC1=CC(=CC(=C1)C)N2C(=O)C(=C(N3CCOCC3)C2=O)Cl,63.7,105.7,107.2,Undefined,96.4,91.4,89.5,100,95.4,95.5,86.6,100.6,91.5,109.5,89.4,104.5,93,127.4,136.2,149.8,122.4
RA-0020205-01,119-C14,ST024518,P1-B8,C15,C21H19Cl2NO3,"2-phenylethyl 4-(2,4-dichlorophenyl)-2-methyl-6-oxo-1,4,5,6-tetrahydropyridine-3-carboxylate",CC(N1)=C(C(OCCC2=CC=CC=C2)=O)C(C3=CC=C(C=C3Cl)Cl)CC1=O,20,105.8,117.9,Undefined,102.9,95.5,100.5,89.5,97.2,100.5,94.3,76.8,120.3,100.1,126.5,85.4,122.5,161.7,148.7,123.2,138.3
RA-0020206-01,62-F22,ST024334,P2-A3,A6,C16H10Cl2N6O,"N5,N6-bis(4-chlorophenyl)-[1,2,5]oxadiazolo[3,4-b]pyrazine-5,6-diamine",ClC1=CC=C(NC2=NC3=NON=C3N=C2NC4=CC=C(Cl)C=C4)C=C1,65.8,106,105.4,Undefined,98.1,92.8,90.6,100.2,88.4,94.5,86.6,97.6,91.4,117.9,124.4,102.4,99.9,84.6,143.1,134.6,132.2
RA-0020207-01,159-C11,ST082651,P2-B8,C16,C16H16ClN3O,"N-(5-chloropyridin-2-yl)-2-(1,2,3,4-tetrahydroisoquinolin-2-yl)acetamide",ClC1=CN=C(NC(=O)CN2CCC3=C(C2)C=CC=C3)C=C1,8.1,106.3,126.8,Undefined,95.7,91.5,97.4,91.3,94.8,96.5,93.5,91.5,88.1,148.6,115.4,108.3,102.6,134.6,132.2,119.2,117.9
RA-0020208-01,90-K7,ST059888,P2-A10,A20,C9H5N3O2,"1H,6H,7H,8H-pyrrolo[2,3-g]indazole-7,8-dione",O=C1NC2=C(C1=O)C3=C(C=C2)C=N[NH]3,63,108.8,122.7,Undefined,103.3,102.2,100.3,97.9,96.4,97,101.4,80.9,102.4,131.7,115.3,90.2,112.8,158.2,158.4,114.6,110.7
RA-0020209-01,62-J10,ST024156,P1-A9,A17,C12H13N3O3S,5-amino-2-[(4-aminophenyl)amino]benzene-1-sulfonic acid,NC1=CC=C(NC2=CC=C(C=C2S(O)(=O)=O)N)C=C1,8.2,110.2,94.6,Undefined,101.9,105.3,102.6,91.3,88.4,98.4,100.6,75.7,104.9,92,112.6,97,134.3,101.3,121.9,97.2,121
RA-0020210-01,6-M13,ST058342,P2-A7,A14,C11H7N3O2S,"7-(2-thienyl)-8-hydropyrazolo[1,5-a]pyrimidine-3-carboxylic acid",OC(=O)C1=C2N=CC=C([N]2N=C1)C3=CC=CS3,62,110.3,111.1,Undefined,103.2,100.4,101.8,102.5,97.5,96.5,98.5,93.9,90.9,147.1,113.2,106.2,114.5,151.1,154.1,138.3,125.6
RA-0020211-01,12-H6,ST074518,P1-D7,G13,C18H25N3O,1-(tert-butyl)-4-(1-propylbenzimidazol-2-yl)pyrrolidin-2-one,CCCN1C(C(C2)CN(C(C)(C)C)C2=O)=NC3=C1C=CC=C3,45.3,111.2,118.2,Undefined,99.1,88.3,93.8,106.4,98.4,102,90.2,93.5,111.5,117.9,138.6,80,132.7,108.6,142.5,116.6,128
RA-0020212-01,41-K06,ST50663560,P1-A3,A5,C16H14N6O5,"5-({1-[(4-carboxyphenyl)methyl]-1H-1,2,4-triazol-3-yl}carbamoyl)-1-methyl-1H-pyrazole-4-carboxylic acid",CN1N=CC(C(O)=O)=C1C(NC2=NN(CC3=CC=C(C(O)=O)C=C3)C=N2)=O,5.7,111.3,105.3,Undefined,102.2,98.6,89.6,105.6,98.2,98.3,87.6,79.5,106.5,60.8,88.9,92.2,122.7,87.5,132.4,111.4,124.5
RA-0020213-01,15-N14,ST080683,P2-B6,C12,C24H28ClN3,"(4-{[4-(dimethylamino)phenyl][4-(methylamino)phenyl]methylene}cyclohexa-2,5-di enylidene)dimethylamine, chloride",[Cl-].CNC1=CC=C(C=C1)C(C2=CC=C(C=C2)N(C)C)=C3C=CC(C=C3)=[N+](C)C,63.3,112.1,105.2,Undefined,104.2,96.8,98,102.8,100.8,100.1,93.5,105.6,84.5,157.7,121,109.4,121.7,152.4,144.9,129.6,108.4
RA-0020214-01,86-F17,ST056361,P2-A6,A12,C18H14O8,"2,3,3-trihydroxy-2-(2,3,3-trihydroxy-1-oxoindan-2-yl)indan-1-one",OC1(O)C2=CC=CC=C2C(=O)C1(O)C3(O)C(=O)C4=C(C=CC=C4)C3(O)O,64.1,112.3,111.9,Undefined,105.4,99.7,100.6,100.7,107.5,97.8,97.7,89.9,86.9,135.3,116,110.5,108.5,134.5,147.7,133.3,124.3
RA-0020215-01,4-D8,ST049380,P2-A5,A10,C32H20BrN3OS,"2-{[1-(4-bromophenyl)-2,5-diphenylpyrrol-3-yl]methylene}-1,3-thiazolidino[3,2- a]benzimidazol-3-one",BrC1=CC=C(C=C1)[N]2C(=CC(=C2C3=CC=CC=C3)\C=C4/SC5=NC6=C(C=CC=C6)[N]5C4=O)C7=CC=CC=C7,61.7,115.2,108.6,Undefined,104.7,99.8,96.5,105,99.6,99,92.7,90.1,85.5,124.8,123.9,93.6,97.1,129.5,151.5,137.8,131.5
